{
  "minecraft:recipes/decorations/crafting_table": {
    "criteria": {
      "unlock_right_away": "2023-06-30 13:43:15 +0300"
    },
    "done": true
  },
  "minecraft:adventure/adventuring_time": {
    "criteria": {
      "minecraft:forest": "2023-06-30 13:43:16 +0300",
      "minecraft:plains": "2023-06-30 13:47:06 +0300"
    },
    "done": false
  },
  "minecraft:adventure/root": {
    "criteria": {
      "killed_by_something": "2023-06-30 13:47:04 +0300"
    },
    "done": true
  },
  "DataVersion": 3465
}