{"stats":{"minecraft:mined":{"minecraft:grass":1,"minecraft:oak_leaves":7},"minecraft:killed_by":{"minecraft:zombie":1},"minecraft:custom":{"minecraft:jump":35,"minecraft:time_since_rest":1721,"minecraft:crouch_one_cm":178,"minecraft:walk_one_cm":12369,"minecraft:leave_game":2,"minecraft:play_time":13008,"minecraft:sprint_one_cm":694,"minecraft:damage_taken":300,"minecraft:time_since_death":1695,"minecraft:deaths":4,"minecraft:sneak_time":24,"minecraft:total_world_time":13008,"minecraft:fall_one_cm":1781,"minecraft:fly_one_cm":1958}},"DataVersion":3465}