{"stats":{"minecraft:mined":{"minecraft:crafting_table":1,"minecraft:grass":23,"minecraft:grass_block":8,"minecraft:spruce_fence":1,"minecraft:oak_log":17,"minecraft:dirt":3,"minecraft:tall_grass":12,"minecraft:oak_planks":1,"minecraft:oak_leaves":5},"minecraft:dropped":{"minecraft:dark_oak_door":1,"minecraft:dirt":6,"minecraft:wheat_seeds":4,"minecraft:wooden_axe":1,"minecraft:cherry_sapling":1,"minecraft:lantern":1,"minecraft:bone_meal":1,"minecraft:wooden_pickaxe":1,"minecraft:grass_block":1,"minecraft:stick":2},"minecraft:custom":{"minecraft:time_since_rest":19825,"minecraft:sprint_one_cm":14568,"minecraft:damage_taken":135,"minecraft:walk_one_cm":78288,"minecraft:drop":10,"minecraft:damage_dealt":50,"minecraft:interact_with_crafting_table":3,"minecraft:fly_one_cm":392607,"minecraft:talked_to_villager":1,"minecraft:open_barrel":1,"minecraft:crouch_one_cm":4717,"minecraft:play_time":54882,"minecraft:deaths":5,"minecraft:sneak_time":2743,"minecraft:jump":235,"minecraft:leave_game":2,"minecraft:time_since_death":19800,"minecraft:total_world_time":54882,"minecraft:fall_one_cm":3164},"minecraft:used":{"minecraft:cherry_sapling":19,"minecraft:oak_fence":75,"minecraft:wooden_axe":8,"minecraft:dark_oak_hanging_sign":1,"minecraft:oak_stairs":12,"minecraft:lantern":20,"minecraft:grass_block":40,"minecraft:oak_planks":119,"minecraft:chest":4,"minecraft:stone":28,"minecraft:spruce_fence_gate":1,"minecraft:cherry_sign":1,"minecraft:barrel":4,"minecraft:oak_leaves":36,"minecraft:dirt":16,"minecraft:cobblestone":5,"minecraft:oak_slab":7,"minecraft:crafting_table":2,"minecraft:campfire":1,"minecraft:bone_meal":176,"minecraft:spruce_fence":3,"minecraft:cherry_log":4,"minecraft:dark_oak_door":1,"minecraft:oak_fence_gate":1},"minecraft:crafted":{"minecraft:oak_planks":68,"minecraft:crafting_table":1,"minecraft:stick":4,"minecraft:wooden_pickaxe":1,"minecraft:wooden_axe":1,"minecraft:oak_stairs":4},"minecraft:picked_up":{"minecraft:dark_oak_door":1,"minecraft:stick":4,"minecraft:crafting_table":1,"minecraft:oak_fence":2,"minecraft:lead":2,"minecraft:wooden_pickaxe":1,"minecraft:spruce_fence":1,"minecraft:oak_log":17,"minecraft:dirt":28,"minecraft:lantern":1,"minecraft:wheat_seeds":8,"minecraft:cherry_sapling":1,"minecraft:dark_oak_hanging_sign":1,"minecraft:oak_sapling":1,"minecraft:oak_planks":3,"minecraft:wooden_axe":1}},"DataVersion":3465}